"0",""
"0","#modifier le type de la variable criteres_var"
"0","Base_tp2$criteres_var <- as.character(Base_tp2$criteres_var)"
"0",""
"0","#la sortie est en factor pour les mettre en variable categorielle"
"0","Base_tp2 <- Base_tp2 %>%"
"0","  mutate(criteres_var = factor(case_when(criteres_var ==""1"" ~ ""Rendements élévée"","
"0","                                  criteres_var ==""2"" ~ ""taille des graines"","
"0","                                  criteres_var ==""3"" ~ ""Resistence aux maladies/ravageurs"","
"0","                                  criteres_var ==""4"" ~ ""tolerantes aux secheresses"","
"0","                                  criteres_var ==""5"" ~ ""tolerantes aux innovations"","
"0","                                  criteres_var ==""6"" ~ ""Faible charge de Travail"","
"0","                                  criteres_var ==""7"" ~ ""Faibles quantités d'intrants"","
"0","                                  criteres_var ==""8"" ~ ""facile à transformer"", "
"0","                                  criteres_var ==""9"" ~ ""Haute teneur en huiler"","
"0","                                  criteres_var ==""10"" ~ ""Haut rendement apres transformation"","
"0","                                  criteres_var ==""11"" ~ ""Demande sur le marché"","
"0","                                  criteres_var ==""12"" ~ ""Bon gout"","
"0","                                  criteres_var ==""13"" ~ ""Belle couleur"","
"0","                                  criteres_var ==""14"" ~ ""Haut rendement en fourrage"","
"0","                                  criteres_var ==""15"" ~ ""Qualité du fourrage"","
"0","                                  criteres_var ==""16"" ~ ""Autres à preciser"","
"0","                                    TRUE~ criteres_var)))"
"0",""
