"0",""
"0","#modifier le type de la variable niveau_alplhabs"
"0","Base_tp2$niveau_alphabs <- as.character(Base_tp2$niveau_alphabs)"
"0",""
"0","#la sortie est en factor pour les mettre en variable categorielle"
"0","Base_tp2 <- Base_tp2 %>%"
"0","  mutate(niveau_alphabs = factor(case_when(niveau_alphabs ==""0"" ~ ""Sans niveau"","
"0","                                    niveau_alphabs ==""1"" ~ ""Sait lire dans une langue"","
"0","                                    niveau_alphabs ==""2"" ~ ""Sait lire et ecrire dans une langue"" , "
"0","                                    TRUE~ niveau_alphabs)))"
