"0",""
"0","# modifier le type de la vraible occupation"
"0","Base_tp2$occupation <- as.character(Base_tp2$occupation)"
"0",""
"0","#la sortie est en factor pour les mettre en variable categorielle"
"0","Base_tp2 <- Base_tp2 %>%"
"0","mutate(occupation = factor(case_when(occupation==""1"" ~ ""Agriculture,Elevage,Sylviculture,Peche"","
"0","                              occupation==  ""2"" ~ ""Activité extractive"","
"0","                              occupation== ""3"" ~ ""Activité de         fabrication(Artisanat)"","
"0","                              occupation== ""4"" ~ ""Activité de transformation"","
"0","                              occupation== ""5"" ~ ""Production et distribution d'electricité et de gaz"","
"0","                              occupation== ""6"" ~ ""Production et distribution d'eau,assainissement, "
"0","                                            Traitement des dechets et pollution"","
"0","                                                  TRUE ~ occupation)))"
"0",""
