"0",""
"0","Base_tp2 <- Base_tp2 %>%"
"0","  apply_labels(sexe = ""Sexe "","
"0","               age = ""Age"","
"0","               sit_mat = ""Situation matrimoniale"","
"0","               si_chef_men = ""Statut dans le menage"","
"0","               ethnie = ""Ethnie"","
"0","               occupation = ""Occupation"","
"0","               formation = ""Formation"","
"0","               niveau_alphabs = ""Niveau d'alphabetisation"","
"0","               types_varietes = ""Qu'elles sont les variétés que vous utilisezpour la production de sesame ?"")"
"0",""
