{"chunk_definitions":[{"row":14,"row_count":1,"visible":true,"expansion_state":0,"options":{"engine":"r","label":"setup","include":false,"dev":"png"},"document_id":"C4944F6F","chunk_id":"csetup_chunk","chunk_label":"setup"},{"row":33,"row_count":1,"visible":true,"expansion_state":0,"options":{"engine":"r","echo":false,"warning":false,"label":"unnamed-chunk-29","dev":"png"},"document_id":"C4944F6F","chunk_id":"ceztzxxogthgb","chunk_label":"unnamed-chunk-1"},{"row":41,"row_count":1,"visible":true,"expansion_state":0,"options":{"engine":"r","label":"unnamed-chunk-1","dev":"png"},"document_id":"C4944F6F","chunk_id":"c5j5xk6jqht3r","chunk_label":"unnamed-chunk-2"},{"row":51,"row_count":1,"visible":true,"expansion_state":0,"options":{"engine":"r","label":"unnamed-chunk-2","dev":"png"},"document_id":"C4944F6F","chunk_id":"c4xicb5kse164","chunk_label":"unnamed-chunk-3"},{"row":85,"row_count":1,"visible":true,"expansion_state":0,"options":{"engine":"r","warning":false,"label":"unnamed-chunk-5","dev":"png"},"document_id":"C4944F6F","chunk_id":"c2e0bnv0l5jsk","chunk_label":"unnamed-chunk-5"},{"row":104,"row_count":1,"visible":true,"expansion_state":0,"options":{"engine":"r","warning":false,"label":"unnamed-chunk-6","dev":"png"},"document_id":"C4944F6F","chunk_id":"chxzxv3dhqvvr","chunk_label":"unnamed-chunk-6"},{"row":121,"row_count":1,"visible":true,"expansion_state":0,"options":{"engine":"r","warning":false,"label":"unnamed-chunk-7","dev":"png"},"document_id":"C4944F6F","chunk_id":"cshyi1cdh7ywe","chunk_label":"unnamed-chunk-7"},{"row":144,"row_count":1,"visible":true,"expansion_state":0,"options":{"engine":"r","warning":false,"label":"unnamed-chunk-8","dev":"png"},"document_id":"C4944F6F","chunk_id":"cmo78wf9tr9mc","chunk_label":"unnamed-chunk-8"},{"row":164,"row_count":1,"visible":true,"expansion_state":0,"options":{"engine":"r","warning":false,"label":"unnamed-chunk-9","dev":"png"},"document_id":"C4944F6F","chunk_id":"cm3r7fjaf9z84","chunk_label":"unnamed-chunk-9"},{"row":185,"row_count":1,"visible":true,"expansion_state":0,"options":{"engine":"r","warning":false,"label":"unnamed-chunk-10","dev":"png"},"document_id":"C4944F6F","chunk_id":"ci8okpd9u48rj","chunk_label":"unnamed-chunk-10"},{"row":200,"row_count":1,"visible":true,"expansion_state":0,"options":{"engine":"r","warning":false,"label":"unnamed-chunk-11","dev":"png"},"document_id":"C4944F6F","chunk_id":"cun2yq8s580uz","chunk_label":"unnamed-chunk-11"},{"row":214,"row_count":1,"visible":true,"expansion_state":0,"options":{"engine":"r","warning":false,"label":"unnamed-chunk-12","dev":"png"},"document_id":"C4944F6F","chunk_id":"cu2r5vkaqwnw5","chunk_label":"unnamed-chunk-12"},{"row":243,"row_count":1,"visible":true,"expansion_state":0,"options":{"engine":"r","warning":false,"label":"unnamed-chunk-15","dev":"png"},"document_id":"C4944F6F","chunk_id":"cut5w2y9hhb8t","chunk_label":"unnamed-chunk-13"},{"row":263,"row_count":1,"visible":true,"expansion_state":0,"options":{"engine":"r","warning":false,"label":"unnamed-chunk-14","dev":"png"},"document_id":"C4944F6F","chunk_id":"cfw5uvuqf4g67","chunk_label":"unnamed-chunk-14"},{"row":319,"row_count":1,"visible":true,"expansion_state":0,"options":{"engine":"r","warning":false,"label":"unnamed-chunk-6","dev":"png"},"document_id":"C4944F6F","chunk_id":"c3u6416arv9zy","chunk_label":"unnamed-chunk-15"},{"row":362,"row_count":1,"visible":true,"expansion_state":0,"options":{"engine":"r","warning":false,"label":"unnamed-chunk-18","dev":"png"},"document_id":"C4944F6F","chunk_id":"cyjunhtqkwx9y","chunk_label":"unnamed-chunk-16"},{"row":370,"row_count":1,"visible":true,"expansion_state":0,"options":{"engine":"r","label":"unnamed-chunk-10","dev":"png"},"document_id":"C4944F6F","chunk_id":"c36m3cabsov4e","chunk_label":"unnamed-chunk-17"},{"row":378,"row_count":1,"visible":true,"expansion_state":0,"options":{},"document_id":"C4944F6F","chunk_id":"cftjwkb8u2k3z","chunk_label":"unnamed-chunk-18"},{"row":387,"row_count":1,"visible":true,"expansion_state":0,"options":{},"document_id":"C4944F6F","chunk_id":"ce05q7gl1f4d0","chunk_label":"unnamed-chunk-19"},{"row":396,"row_count":1,"visible":true,"expansion_state":0,"options":{"engine":"r","label":"unnamed-chunk-26","dev":"png"},"document_id":"C4944F6F","chunk_id":"cvhlb0jew7i6x","chunk_label":"unnamed-chunk-20"},{"row":405,"row_count":1,"visible":true,"expansion_state":0,"options":{},"document_id":"C4944F6F","chunk_id":"cjkmq8lt5aiib","chunk_label":"unnamed-chunk-21"},{"row":414,"row_count":1,"visible":true,"expansion_state":0,"options":{"engine":"r","label":"unnamed-chunk-22","dev":"png"},"document_id":"C4944F6F","chunk_id":"cgncnxfc8fix3","chunk_label":"unnamed-chunk-22"},{"row":423,"row_count":1,"visible":true,"expansion_state":0,"options":{"engine":"r","label":"unnamed-chunk-20","dev":"png"},"document_id":"C4944F6F","chunk_id":"c6yle2d5brwct","chunk_label":"unnamed-chunk-23"},{"row":435,"row_count":1,"visible":true,"expansion_state":0,"options":{"engine":"r","label":"unnamed-chunk-25","dev":"png"},"document_id":"C4944F6F","chunk_id":"cn9z3owjr4acn","chunk_label":"unnamed-chunk-24"},{"row":444,"row_count":1,"visible":true,"expansion_state":0,"options":{},"document_id":"C4944F6F","chunk_id":"cuvl9faox3uhm","chunk_label":"unnamed-chunk-25"}],"doc_write_time":1712771506,"working_dir":null,"default_chunk_options":{"echo":true},"chunk_rendered_width":619}