"0",""
"0","#transformer la variable en character"
"0","Base_tp2$si_chef_men <- as.character(Base_tp2$si_chef_men)"
"0",""
"0","#la sortie est en factor pour les mettre en variable categorielle"
"0","Base_tp2 <- Base_tp2 %>%"
"0","  mutate(si_chef_men = factor(case_when(si_chef_men == ""1"" ~ ""femme du chef de menage"","
"0","                                 si_chef_men == ""2"" ~ ""chef de menage"","
"0","                                 si_chef_men ==""3"" ~ ""fils-fille du chef de menage"","
"0","                                 si_chef_men == ""99"" ~  ""Autres"" , "
"0","                                 TRUE~ si_chef_men)))"
"0","                  "
