"0",""
"0","#transformer la variable en character"
"0","Base_tp2$ethnie <- as.character(Base_tp2$ethnie)"
"0",""
"0","#la sortie est en factor pour les mettre en variable categorielle"
"0","Base_tp2 <- Base_tp2 %>%"
"0","  mutate(ethnie =factor( case_when(ethnie ==  ""1"" ~ ""Wolof"","
"0","                            ethnie == ""2"" ~ ""Pularr/Toucouleur"","
"0","                            ethnie ==  ""3"" ~ ""Sérère"","
"0","                            ethnie ==""4"" ~ ""Mandika/bambara"","
"0","                            ethnie == ""5"" ~ ""Soninké"","
"0","                            ethnie ==""6"" ~ ""Diola"","
"0","                            ethnie == ""7"" ~ ""Mandjak"","
"0","                            ethnie ==  ""8"" ~ ""Bainouk"","
"0","                            ethnie == ""9"" ~ ""Maures"","
"0","                            ethnie == ""10"" ~ ""Balante"","
"0","                            ethnie ==""77"" ~ ""Autre"","
"0","                            TRUE~ethnie)))"
