{"chunk_definitions":[{"row":14,"row_count":1,"visible":true,"expansion_state":0,"options":{"engine":"r","label":"setup","include":false,"dev":"png"},"document_id":"C4944F6F","chunk_id":"csetup_chunk","chunk_label":"setup"},{"row":48,"row_count":1,"visible":true,"expansion_state":0,"options":{"engine":"r","label":"unnamed-chunk-9","dev":"png"},"document_id":"C4944F6F","chunk_id":"c5j5xk6jqht3r","chunk_label":"unnamed-chunk-2"},{"row":58,"row_count":1,"visible":true,"expansion_state":0,"options":{"engine":"r","label":"unnamed-chunk-10","dev":"png"},"document_id":"C4944F6F","chunk_id":"c4xicb5kse164","chunk_label":"unnamed-chunk-3"},{"row":92,"row_count":1,"visible":true,"expansion_state":0,"options":{"engine":"r","warning":false,"label":"unnamed-chunk-12","dev":"png"},"document_id":"C4944F6F","chunk_id":"c2e0bnv0l5jsk","chunk_label":"unnamed-chunk-5"},{"row":111,"row_count":1,"visible":true,"expansion_state":0,"options":{"engine":"r","warning":false,"label":"unnamed-chunk-13","dev":"png"},"document_id":"C4944F6F","chunk_id":"chxzxv3dhqvvr","chunk_label":"unnamed-chunk-6"},{"row":128,"row_count":1,"visible":true,"expansion_state":0,"options":{"engine":"r","warning":false,"label":"unnamed-chunk-14","dev":"png"},"document_id":"C4944F6F","chunk_id":"cshyi1cdh7ywe","chunk_label":"unnamed-chunk-7"},{"row":151,"row_count":1,"visible":true,"expansion_state":0,"options":{"engine":"r","warning":false,"label":"unnamed-chunk-15","dev":"png"},"document_id":"C4944F6F","chunk_id":"cmo78wf9tr9mc","chunk_label":"unnamed-chunk-8"},{"row":171,"row_count":1,"visible":true,"expansion_state":0,"options":{"engine":"r","warning":false,"label":"unnamed-chunk-16","dev":"png"},"document_id":"C4944F6F","chunk_id":"cm3r7fjaf9z84","chunk_label":"unnamed-chunk-9"},{"row":192,"row_count":1,"visible":true,"expansion_state":0,"options":{"engine":"r","warning":false,"label":"unnamed-chunk-17","dev":"png"},"document_id":"C4944F6F","chunk_id":"ci8okpd9u48rj","chunk_label":"unnamed-chunk-10"},{"row":207,"row_count":1,"visible":true,"expansion_state":0,"options":{"engine":"r","warning":false,"label":"unnamed-chunk-18","dev":"png"},"document_id":"C4944F6F","chunk_id":"cun2yq8s580uz","chunk_label":"unnamed-chunk-11"},{"row":221,"row_count":1,"visible":true,"expansion_state":0,"options":{"engine":"r","warning":false,"label":"unnamed-chunk-19","dev":"png"},"document_id":"C4944F6F","chunk_id":"cu2r5vkaqwnw5","chunk_label":"unnamed-chunk-12"},{"row":250,"row_count":1,"visible":true,"expansion_state":0,"options":{"engine":"r","warning":false,"label":"unnamed-chunk-20","dev":"png"},"document_id":"C4944F6F","chunk_id":"cut5w2y9hhb8t","chunk_label":"unnamed-chunk-13"},{"row":274,"row_count":1,"visible":true,"expansion_state":0,"options":{"engine":"r","warning":false,"label":"unnamed-chunk-21","dev":"png"},"document_id":"C4944F6F","chunk_id":"cfw5uvuqf4g67","chunk_label":"unnamed-chunk-14"},{"row":336,"row_count":1,"visible":true,"expansion_state":0,"options":{"engine":"r","warning":false,"label":"unnamed-chunk-22","dev":"png"},"document_id":"C4944F6F","chunk_id":"c3u6416arv9zy","chunk_label":"unnamed-chunk-15"},{"row":379,"row_count":1,"visible":true,"expansion_state":0,"options":{"engine":"r","warning":false,"label":"unnamed-chunk-23","dev":"png"},"document_id":"C4944F6F","chunk_id":"cyjunhtqkwx9y","chunk_label":"unnamed-chunk-16"},{"row":396,"row_count":1,"visible":true,"expansion_state":0,"options":{"engine":"r","label":"unnamed-chunk-24","dev":"png"},"document_id":"C4944F6F","chunk_id":"c36m3cabsov4e","chunk_label":"unnamed-chunk-17"},{"row":406,"row_count":1,"visible":true,"expansion_state":0,"options":{"engine":"r","label":"unnamed-chunk-25","dev":"png"},"document_id":"C4944F6F","chunk_id":"cjwy7hx0xeln5","chunk_label":"unnamed-chunk-18"},{"row":418,"row_count":1,"visible":true,"expansion_state":0,"options":{"engine":"r","label":"unnamed-chunk-26","dev":"png"},"document_id":"C4944F6F","chunk_id":"cpdkjobazfjj4","chunk_label":"unnamed-chunk-19"},{"row":429,"row_count":1,"visible":true,"expansion_state":0,"options":{"engine":"r","label":"unnamed-chunk-27","dev":"png"},"document_id":"C4944F6F","chunk_id":"cvhlb0jew7i6x","chunk_label":"unnamed-chunk-20"},{"row":440,"row_count":1,"visible":true,"expansion_state":0,"options":{"engine":"r","label":"unnamed-chunk-28","dev":"png"},"document_id":"C4944F6F","chunk_id":"cuujcid64860l","chunk_label":"unnamed-chunk-21"},{"row":450,"row_count":1,"visible":true,"expansion_state":0,"options":{"engine":"r","label":"unnamed-chunk-29","dev":"png"},"document_id":"C4944F6F","chunk_id":"cgncnxfc8fix3","chunk_label":"unnamed-chunk-22"},{"row":545,"row_count":1,"visible":true,"expansion_state":0,"options":{"engine":"r","label":"unnamed-chunk-9","dev":"png"},"document_id":"C4944F6F","chunk_id":"c6wnjpjd513j8","chunk_label":"unnamed-chunk-28"}],"doc_write_time":1713036439,"chunk_rendered_width":630,"working_dir":null,"default_chunk_options":{"echo":true}}