"0","# Transformer la vara=iable en character si elle ne l'est pas"
"0","Base_tp2$sit_mat <- as.character(Base_tp2$sit_mat)"
"0",""
"0","#la sortie est en factor pour les mettre en variable categorielle"
"0","# Recoder la variable ""sit_mat"" avec des libellés complexes en utilisant case_when() de dplyr"
"0","Base_tp2 <- Base_tp2 %>%"
"0","  mutate(sit_mat = factor(case_when("
"0","    sit_mat == ""1"" ~ ""Marié(e)"","
"0","    sit_mat == ""3"" ~ ""Veuf(ve)"","
"0","    sit_mat == ""4"" ~ ""Divorcé(e)"","
"0","    sit_mat == ""5"" ~ ""Séparé(e)"","
"0","    sit_mat == ""6"" ~ ""Célibataire"","
"0","    TRUE ~ sit_mat  # Garder les autres valeurs inchangées"
"0","  )))"
