"0","library(ggplot2)"
"0",""
"0","bivarie <- function(variable_x, variable_y, base_de_donnees = NULL, graphique = TRUE) {"
"0","  "
"0",""
"0","  "
"0","  # Vérifier si la base de données est spécifiée"
"0","  if (!is.null(base_de_donnees)) {"
"0","    variable_x <- base_de_donnees[[deparse(substitute(variable_x))]]"
"0","    variable_y <- base_de_donnees[[deparse(substitute(variable_y))]]"
"0","  }"
"0","  "
"0","  # Convertir les variables en facteur si elles ne le sont pas déjà"
"0","  variable_x <- factor(variable_x)"
"0","  variable_y <- factor(variable_y)"
"0","  "
"0","  # Calculer le tableau croisé des fréquences absolues"
"0","  freq_table <- table(variable_x, variable_y)"
"0","  "
"0","  # Créer le tableau de distribution"
"0","  tableau <- as.data.frame(freq_table)"
"0","  colnames(tableau) <- c(""Variable X"", ""Variable Y"", ""Effectif"")"
"0","  "
"0","  # Créer le graphique avec ggplot2 si graphique est TRUE"
"0","  if (graphique) {"
"0","    plot <- ggplot(data = tableau, aes(x = as.factor(`Variable X`), y = as.factor(`Variable Y`), fill = as.factor(`Effectif`))) +"
"0","      geom_tile() +"
"0","      labs(title = ""Heatmap des fréquences absolues"", x = ""Variable X"", y = ""Variable Y"") +"
"0","      theme(axis.text.x = element_text(angle = 45, hjust = 1))  # Rotation des étiquettes x"
"0","    print(plot)"
"0","  } "
"0","  "
"0","  # Retourner le tableau de distribution"
"0","  return(tableau)"
"0","}"
"0",""
