"0",""
"0","#modifier le type de la variable formation"
"0","Base_tp2$formation <- as.character(Base_tp2$formation)"
"0",""
"0","#la sortie est en factor pour les mettre en variable categorielle"
"0","Base_tp2 <- Base_tp2 %>%"
"0","  mutate(formation = factor(case_when(formation==""1"" ~ ""Non scolarisé"","
"0","                               formation==""2"" ~ ""Elémentaire"","
"0","                               formation==""3"" ~ ""Moyen"","
"0","                               formation==""4"" ~ ""Secondaire"","
"0","                               formation==""5"" ~ ""Licence"","
"0","                               formation==""6"" ~ ""Master"","
"0","                               formation==""7"" ~ ""Doctorat"","
"0","                               formation==""99"" ~ ""Ne sait pas"","
"0","                               TRUE~ formation)))"
"0",""
