"0","library(ggplot2)"
"0",""
"0","univarie <- function(variable, base_de_donnees = NULL, graphique = TRUE) {"
"0","  "
"0","  # Vérifier si la base de données est spécifiée"
"0","  if (!is.null(base_de_donnees)) {"
"0","    variable <- base_de_donnees[[deparse(substitute(variable))]]"
"0","  }"
"0","  "
"0","  # Convertir la variable en facteur si elle ne l'est pas déjà"
"0","  variable <- factor(variable)"
"0","  "
"0","  # Calculer la fréquence absolue"
"0","  freq_absolue <- table(variable)"
"0","  "
"0","  # Calculer la fréquence relative avec deux chiffres après la virgule"
"0","  freq_relative <- round(prop.table(freq_absolue), 2)"
"0","  "
"0","  # Créer le tableau de distribution sans inclure le total dans le graphique"
"0","  tableau <- data.frame(Modalités = as.character(names(freq_absolue)),"
"0","                        Effectif = as.numeric(as.vector(freq_absolue)),"
"0","                        Fréquence = as.numeric(as.vector(freq_relative)))"
"0","  # Calculer le total des fréquences absolues"
"0","  total_freq_absolue <- sum(as.numeric(tableau$Effectif))"
"0","  "
"0","  # Ajouter la ligne du total"
"0","  total_row <- c(""Total"", total_freq_absolue, 1)"
"0","  tableau <- rbind(tableau, total_row)"
"0","  "
"0","  "
"0","  # Retirer la ligne du total du tableau pour l'affichage du graphique"
"0","  tableau_graphique <- subset(tableau, Modalités != ""Total"")"
"0","  "
"0","  # Créer le graphique avec ggplot2 si display_plot est TRUE"
"0","  if (graphique) {"
"0","    plot <- ggplot(data = tableau_graphique, aes(x = Modalités, y = Effectif, fill = Modalités)) +"
"0","      geom_bar(stat = ""identity"") +"
"0","      labs(title = ""Graphique des fréquences absolues"", x = ""Modalités"", y = ""Effectif"") +"
"0","      theme(axis.text.x = element_text(angle = 45, hjust = 1))  # Rotation des étiquettes x"
"0","    print(plot)"
"0","  }"
"0","  "
"0","  # Retourner le tableau de distribution incluant le total"
"0","  return(tableau)"
"0","}"
"0",""
